,Titulo,Postado,Visualizacao,comentarios
27,PREVIDÊNCIA PRIVADA: como funciona? VALE A PENA?,2019-02-20,93.338'00,262'00
28,RENDA EXTRA SEM SAIR DE CASA? 11 DICAS DE COMO FAZER,2018-09-10,91.661'00,156'00
2,"Pai Rico, Pai Pobre: os 10 MAIORES ENSINAMENTOS do livro",2018-12-27,903.357'00,927'00
29,5 MELHORES AÇÕES para VIVER DE DIVIDENDOS,2020-04-27,90.639'00,281'00
30,CORRETORA DE VALORES: Como escolher a melhor e mais confiável? (3 passos),2018-01-24,88.103'00,185'00
31,"TESOURO DIRETO: Tesouro SELIC, PREFIXADO ou IPCA? Onde investir?",2017-11-15,84.813'00,225'00
32,COMO FICAR RICO ANTES dos 30 ANOS? 10 PASSOS para mudar a sua VIDA,2019-05-20,84.368'00,354'00
33,MXRF11: Comprar ou Vender?,2020-07-18,81.891'00,301'00
3,Viver de Renda: Como Fazer o Dinheiro Trabalhar Para Você,2018-01-31,807.538'00,1.014'00
34,NÃO FAÇA DAY TRADE! 5 motivos para acordar você,2019-02-18,79.599'00,896'00
35,Tenho R$50 mil e quero saber COMO INVESTIR - Ramiro Responde #32,2018-05-31,78.780'00,168'00
36,Como VIVER DE RENDA em 3 Passos: Quanto Acumular? Como Investir?,2017-10-18,77.490'00,170'00
4,17 Dicas de Como JUNTAR DINHEIRO RÁPIDO (mesmo ganhando pouco!),2017-01-17,753.762'00,1.356'00
37,ALUGAR ou FINANCIAR imóvel?,2018-08-22,75.629'00,448'00
38,CARTÃO DE CRÉDITO: como usar corretamente,2019-02-14,74.271'00,129'00
39,UNICK FOREX: A FRAUDE CAIU (e eu AVISEI!),2019-08-21,73.574'00,1.134'00
40,BOLSONARO SERÁ ELEITO PRESIDENTE (análise matemática + percepções do MERCADO),2018-10-08,70.519'00,556'00
41,FGTS LIBERADO? Quanto SACAR? (CONTAS  ATIVAS e INATIVAS),2019-07-26,69.423'00,355'00
42,Como VIVER DE RENDA na BOLSA DE VALORES?,2020-07-06,68.291'00,110'00
43,Como ECONOMIZAR DINHEIRO começando hoje! 5 DICAS PRÁTICAS,2017-08-09,64.466'00,94'00
44,OPÇÕES BINÁRIAS: O Cassino (e a esperança) dos LEIGOS,2019-03-26,59.307'00,1.111'00
45,Como investir na BOLSA DE VALORES: Tudo que você PRECISA saber para começar hoje,2017-05-24,58.146'00,154'00
46,INVESTIR NO EXTERIOR: Como investir LEGALMENTE (mesmo com pouco dinheiro),2017-05-10,57.917'00,219'00
48,5 AÇÕES para sua carteira de APOSENTADORIA,2020-07-08,57.394'00,139'00
49,5 AÇÕES para sua carteira de APOSENTADORIA,2020-07-08,57.394'00,139'00
47,FUNDOS DE AÇÕES ou investir DIRETO em AÇÕES? - Ramiro Responde #4,2017-11-16,56.909'00,178'00
5,"Como QUALQUER PESSOA pode juntar R$ 100.000,00 em 3 ANOS",2018-11-16,4076'00,1.058'00
6,Betina rica? De R$ 1.520 para R$ 1 MILHÃO em 3 anos: é possível?,2019-03-16,357.861'00,3.496'00
7,7 hábitos das PESSOAS RICAS,2018-10-17,310.306'00,354'00
8,Como gerar uma RENDA MENSAL de R$ 5 MIL com seus investimentos!,2017-03-08,302.352'00,586'00
9,7 IDEIAS DE NEGÓCIOS (PEQUENOS) para AUMENTAR a sua RENDA,2019-07-01,300.524'00,395'00
10,EASYNVEST É CONFIÁVEL???,2018-05-30,281.180'00,851'00
11,PLANEJAMENTO FINANCEIRO PESSOAL! 15 Dicas de Como Começar o Seu,2017-02-08,267.064'00,382'00
12,MODALMAIS É CONFIÁVEL???,2018-07-18,253.910'00,1.145'00
13,"UNICK FOREX: FARSA REVELADA? (1,5% ao dia é possível?)",2019-05-29,194.875'00,2.906'00
14,Como Funciona o MERCADO FINANCEIRO?,2018-10-25,192.038'00,141'00
15,7 DICAS DE COMO COMPRAR PASSAGENS AÉREAS BARATAS,2019-01-28,184.202'00,313'00
17,5 FIIs que pagam mais de 9% em DIVIDEND YIELD,2020-05-25,165.518'00,301'00
16,PREVIDÊNCIA PRIVADA: Por que você não deve investir?,2020-06-10,165.094'00,186'00
18,FUNDOS IMOBILIÁRIOS: quanto rende R$ 1.000 nos 3 fundos mais famosos do Brasil,2020-07-13,162.275'00,324'00
19,BOLSA DE VALORES PARA INICIANTES: como investir em ações em 5 passos (COMECE HOJE),2020-01-09,156.751'00,148'00
20,Como investir com POUCO DINHEIRO (e ganhar muito!) em 7 simples passos,2017-02-14,143.983'00,293'00
21,CDB ou TESOUDO DIRETO? Aprenda a escolher o MELHOR investimento,2017-02-01,134.864'00,475'00
22,Como Gerar uma RENDA PASSIVA de 20 mil por mês,2018-02-28,125.159'00,305'00
23,FUNDOS IMOBILIÁRIOS: meus principais FIIs para 2020,2020-03-14,123.475'00,171'00
24,AÇÕES ou FUNDOS IMOBILIÁRIOS? O que rende mais?,2020-06-13,120.775'00,189'00
25,O MELHOR INVESTIMENTO para 2019,2018-11-13,110.999'00,482'00
26,Quanto rende 57 mil em FIIs (fundos imobiliários) Todos detalhes da minha carteira!,2019-02-12,104.319'00,350'00
0,7 HÁBITOS DAS PESSOAS POBRES (e como eliminá-los),2018-07-04,1.797.280'00,2.956'00
1,BOLSA DE VALORES PARA LEIGOS (E ESPERTOS) - Aprenda HOJE!,2018-07-05,1.789.790'00,2.453'00
