,Titulo,Postado,Visualizacao,comentarios
3,Cartão de Crédito sem anuidade - Digio x Nubank - QUAL O MELHOR?,2016-10-20,994.056'00,9.968'00
4,"Cartão de crédito SANTANDER FREE, vale a pena?",2016-12-26,959.122'00,2.370'00
5,Como saber se estou INSCRITO no CadÚNICO para o AUXÍLIO EMERGENCIAL 600 reais?! (NA PRÁTICA),2020-04-03,908.783'00,2.032'00
6,Você é MEI?! NÃO COMETA ESSE ERRO FATAL! (Micro empreendedor individual),2017-11-17,907.767'00,1.925'00
7,TOP 5 AÇÕES do Barsi para VIVER DE RENDA (carteira previdenciária) feat Louise Barsi,2019-08-09,833.056'00,1.138'00
8,APLICATIVO CAIXA I Como se CADASTRAR para receber o AUXÍLIO EMERGENCIAL de 600 reais! (NA PRÁTICA),2020-04-07,724.922'00,6.022'00
9,7 coisas que VOCÊ DEVE SABER antes de investir em FIIs (FUNDOS IMOBILIÁRIOS)! ft Arthur Moraes,2019-03-08,706.254'00,1.157'00
10,Fundos Imobiliários - Quanto juntar para ter 3 MIL REAIS TODOS OS MESES com DIVIDENDOS?!,2019-01-07,699.705'00,1.364'00
11,Top 5 AÇÕES para VIVER DE RENDA com DIVIDENDOS Ft Pit Money,2019-02-04,609.886'00,676'00
12,"Conta digital do Banco do Brasil (Conta Fácil BB), VALE A PENA??",2016-12-03,595.479'00,1.979'00
13,Cartão Digio - cartão de crédito SEM ANUIDADE E SEM TARIFA,2016-11-12,594.234'00,26.705'00
14,Quanto rende 50 mil em FUNDOS IMOBILIÁRIOS (Fiis)?! Quanto recebi de DIVIDENDOS no mês?,2018-12-10,592.606'00,1.328'00
15,CONSÓRCIO de carro vale a pena ou é um suicídio financeiro?! #EP1 (consórcio de veículos),2017-12-06,548.162'00,2.394'00
16,"NEXT - A conta digital e o cartão de crédito next, valem a pena?",2017-06-19,532.101'00,1.770'00
17,"Junte 1 MILHÃO DE REAIS começando com 19,00 reais por dia! É POSSÍVEL SIM!",2017-08-09,524.222'00,1.600'00
18,Os 3 principais motivos que você NÃO DEVE abrir o MEI! Ft. Altair Alves,2019-11-04,510.466'00,1.217'00
19,Banco Intermedium - Conta digital SEM tarifas e cartão de crédito ZERO anuidade!,2017-02-13,491.756'00,2.810'00
20,"CALENDÁRIO PIS PASEP 2019/2020! Começou o saque do ABONO SALARIAL, será que você tem direito?",2019-08-11,467.548'00,379'00
21,5 técnicas para você ser APROVADO em qualquer ENTREVISTA DE EMPREGO! Feat Adriana Cubas,2018-04-20,467.408'00,732'00
22,"Contas digitais, Qual a melhor?? CONTAS SEM TARIFAS E TAXAS!!",2016-10-27,457.330'00,1.493'00
23,O Feng Shui vai DESTRAVAR a sua VIDA FINANCEIRA! Feat Mônica Tavares,2018-07-06,448.353'00,326'00
24,Tesouro Direto NA PRÁTICA (para iniciantes) + os títulos que comprei! #Ep.6,2017-06-13,434.643'00,1.081'00
25,7 DIREITOS que VOCÊ DESCONHECE e te fazem PERDER DINHEIRO! #UTILIDADEPÚBLICA,2017-11-06,428.266'00,1.191'00
26,"AUXÍLIO EMERGENCIAL de 600 reais! (DATA DE PAGAMENTO, QUEM TEM DIREITO, COMO RECEBER) + novidades!",2020-04-02,418.680'00,2.130'00
27,"Nubank x Banco Inter, qual o melhor cartão de crédito?! (LIVRE DE ANUIDADE)",2017-03-03,411.896'00,2.321'00
28,"ALUGAR ou FINANCIAR um imóvel, o que vale mais a pena?! ft Gustavo Cerbasi",2018-11-02,406.304'00,881'00
29,10 ERROS FATAIS na sua declaração de IMPOSTO DE RENDA 2018! O leão vai te pegar!,2018-03-09,391.906'00,859'00
30,Quer ECONOMIZAR?! 8 itens que CORTEI do meu ORÇAMENTO e foi só alegria!,2017-10-30,387.115'00,1.426'00
31,"Saque de 1.045,00 do FGTS LIBERADO pelo governo! (Medida emergencial)",2020-04-08,364.940'00,1.030'00
32,"Nubank Rewards, vale a pena aderir ao novo programa de pontos?",2017-08-07,352.782'00,871'00
33,PREVIDÊNCIA SOCIAL - 4 erros que você NÃO PODE COMETER com o INSS! Ft Liliana Delfino,2018-09-07,341.045'00,416'00
34,Cartão de crédito TRIGG é melhor do que o NUBANK e o DIGIO?! (sistema cashback),2017-05-04,338.577'00,1.218'00
35,"ATENÇÃO, MEI! Entenda na PRÁTICA como fazer a DECLARAÇÃO do IMPOSTO DE RENDA 2018",2018-03-12,333.333'00,1.098'00
36,DAY TRADE NA PRÁTICA para Iniciantes! (Como ganhar dinheiro na bolsa de valores),2018-10-08,326.110'00,430'00
37,Conta Digital do BANCO NEON é mesmo boa? VALE A PENA?,2017-04-20,323.931'00,1.503'00
38,"TESOURO SELIC NA PRÁTICA! (Investindo com menos de 100,00 reais) PARA INICIANTES",2018-09-03,312.428'00,752'00
39,"Quanto juntar para ter 3000,00 REAIS de RENDA MENSAL no TESOURO DIRETO!",2018-11-21,310.806'00,993'00
40,A conta digital do Banco Original é mesmo boa?,2017-01-10,307.710'00,1.304'00
41,Quanto você tem no INSS?! COMO CONSULTAR SEU SALDO (EXTRATO) DO INSS! NA PRÁTICA,2018-08-29,307.195'00,321'00
42,6 SUICÍDIOS FINANCEIROS que eu cometi antes dos 30! Não cometa esses ERROS!,2017-10-16,303.314'00,1.698'00
43,Começa o saque do ABONO SALARIAL PIS PASEP 2019. Será que você tem direito?! (CALENDÁRIO PIS 2019),2018-07-18,294.528'00,666'00
44,Como ganhei mais de 21 mil reais de RENDA EXTRA em 5 dias! Você também PODE!,2018-12-12,290.078'00,680'00
45,"A Batalha dos EMPRÉSTIMOS!  Geru, Lendico, Just, Simplic, Moneyman e Creditas, qual é o mais barato?",2017-10-27,269.399'00,583'00
46,"Novidades, NUBANK!! A Nuconta chegou! Será que vale a pena? ENTENDA!",2017-10-25,260.627'00,1.193'00
47,REAGINDO AO BANCO ORIGINAL! (Será que vale a pena a conta digital + cartão de crédito?!),2018-04-11,260.225'00,817'00
48,"CDB, tudo o que você precisa saber!!!",2017-02-08,259.106'00,776'00
49,"CDB, tudo o que você precisa saber!!!",2017-02-08,259.106'00,776'00
2,Como 1 REAL POR SEMANA vai te deixar MILIONÁRIO! Feat Gerônimo Theml,2018-06-22,11.459'00,2.313'00
0,Como AUMENTAR O SCORE de 0 a mais de 800 pontos em menos de 1 ano e conseguir seu Nubank e Digio!,2017-07-31,1.591.578'00,3.066'00
1,Porque o NUBANK NÃO ME APROVA? Como funciona a ANÁLISE DE CRÉDITO do NUBANK?,2016-11-25,1.063.833'00,5.800'00
