,Titulo,Postado,Visualizacao,comentarios
48,"FUNDOS IMOBILIÁRIOS 2020: Fundos baratos e arriscados! Hora de investir? HTMX11, VISC11, HGBS11...",2020-07-28,96.338'00,3.335'00
49,IBOVESPA 2020: Comprar ou vender? Ainda dá para ganhar dinheiro ou teremos uma segunda onda?,2020-06-14,94.655'00,2.010'00
0,"NUBANK e NUCONTA: Prejuízo alto, e a MINHA RESERVA DE EMERGÊNCIA? Se quebrar eu perco MEU DINHEIRO?",2020-08-23,336.274'00,5.554'00
1,As 3 melhores AÇÕES para investir em 2020,2019-11-19,208.329'00,773'00
2,"PIX: É o fim dos BANCOS e das FINTECHS? Itaú, Bradesco, BB, Caixa,  Cielo, Nubank,  Banco Inter, XP",2020-09-20,201.433'00,3.218'00
3,ITAÚSA: Hora de vender ou é uma AÇÃO BARATA para GANHAR DINHEIRO em 2020 e 2021? ITSA4,2020-08-11,201.292'00,3.945'00
4,5 SMALL CAPS para 2021 e 2022: AÇÕES BARATAS para investir no longo prazo,2020-04-09,200.659'00,1.286'00
5,ITAÚSA 2020: Chance de GANHAR DINHEIRO COM DIVIDENDOS em 2021? ITSA4,2020-09-24,181.654'00,4.269'00
6,ITAÚSA: Vale a pena INVESTIR? Ação para GANHAR DINHEIRO em 2021? ITUB4 ou ITSA4?,2020-06-23,175.279'00,3.901'00
7,ITAÚSA: Investir Agora? Ação para GANHAR DINHEIRO em 2021?,2020-07-21,166.857'00,1.780'00
8,ITAÚSA: INVESTIR pensando em DIVIDENDOS para 2021? ITSA4 BBDC4 BBAS3 SANB11,2020-10-15,158.838'00,2.060'00
9,VIA VAREJO E OIBR3 2020: Minha carteira de AÇÕES BARATAS com risco alto,2020-07-30,154.975'00,2.862'00
10,3 Fundos Imobiliários para iniciantes (BCFF11/HGBS11/KNRI11),2019-01-22,150.843'00,788'00
11,FUNDOS IMOBILIÁRIOS: Hora de vender ou OPORTUNIDADE para GANHAR DINHEIRO em 2020?,2020-07-14,146.764'00,2.335'00
13,12 FUNDOS IMOBILIÁRIOS para 2021 - Investindo POUCO DINHEIRO (R$ 1.500) e tendo uma RENDA EXTRA,2020-09-10,145.369'00,3.335'00
12,2 Melhores FUNDOS IMOBILIÁRIOS para investir em 2020 e 2021: MXRF11 E XPML11,2020-06-25,144.908'00,1.402'00
14,OIBR3: Agora vai? Vale a pena INVESTIR? Ações estão baratas em 2020??,2020-07-19,143.622'00,3.394'00
15,5 AÇÕES para 2021 e 2022: Hora de COMPRAR ou VENDER? Ações estão BARATAS?,2020-03-26,143.165'00,2.345'00
16,ITAÚ e ITAÚSA: Ações em queda. Hora de INVESTIR em 2020?? ITUB4 e ITSA4 estão baratas?,2020-08-04,141.061'00,1.972'00
17,5 FUNDOS IMOBILIÁRIOS PARA 2020,2019-11-05,138.548'00,1.288'00
18,3 AÇÕES BARATAS para iniciantes que pagam DIVIDENDOS maiores do que a SELIC (2021 e 2022),2020-07-02,136.552'00,1.231'00
19,"BANCOS: Ações baratas? COMPRAR OU VENDER? Bradesco, Itaú e BB (ITUB4, ITSA4, BBDC4, BBAS3)",2020-09-08,133.723'00,2.449'00
20,"15 INVESTIMENTOS com R$ 5.000: Ações, Fundos Imobiliários, Renda Fixa, Tesouro Direto, Nubank",2020-06-11,132.527'00,4.916'00
21,"FUNDOS IMOBILIÁRIOS 2020: Hora de COMPRAR ou VENDER? XPCM11, HGLG11, MXRF11",2020-01-26,122.344'00,834'00
22,"IBOVESPA 2020: Hora de investir? Resultados, Banco do Brasil, OIBR3, Petrobras, Ambev, Ouro, Prata",2020-07-26,120.996'00,4.905'00
23,3 FUNDOS IMOBILIÁRIOS Baratos em 2020: Onde investir pensando em GANHAR DINHEIRO em 2021,2020-06-09,119.592'00,1.106'00
24,"AMAZON PRIME NO BRASIL: Magazine Luiza, Via Varejo e agora?",2019-09-10,118.690'00,1.085'00
25,"BIDEN PRESIDENTE: E os seus INVESTIMENTOS? Ibovespa, Dólar, Ações, Fundos Imobiliários, Bitcoin",2020-11-08,118.523'00,2.454'00
26,FUNDOS IMOBILIÁRIOS de Shoppings: CRISE ou OPORTUNIDADE para GANHAR DINHEIRO em 2020 e 2021?,2020-08-06,116.603'00,1.351'00
27,"IBOVESPA: Semana decisiva para o INVESTIDOR, Eleições, Dólar, Lockdown, Crise 2020, Inflação",2020-11-01,115.456'00,3.615'00
29,"Quais as melhores CORRETORAS para INVESTIR o seu DINHEIRO em 2020? XP, RICO, CLEAR, BTG, MODAL?",2020-09-15,112.426'00,4.605'00
28,"INFLAÇÃO: Como PROTEGER os seus INVESTIMENTOS e GANHAR DINHEIRO (Ações, Tesouro, FIIs, Dólar...)",2020-09-13,111.654'00,2.803'00
31,"COMO JUNTAR:  R$ 10 MIL E R$ 100 MIL (estratégia, dicas, investimento, e tempo)",2019-04-01,110.575'00,629'00
33,"3 FUNDOS IMOBILIÁRIOS pagando DIVIDENDOS maiores do que a SELIC:  MXRF11, TGAR11, e  HCTR11",2020-10-08,110.318'00,1.754'00
30,IBOVESPA: Hora de INVESTIR? CRISE ou OPORTUNIDADE para ganhar dinheiro com AÇÔES e FIIs?,2020-09-22,110.258'00,5.389'00
32,"DIVIDENDOS 2020: Quanto rendem seus INVESTIMENTOS? R$ 1.000, R$ 10.000 e R$ 100.000 em AÇÕES E FIIS",2020-09-17,109.097'00,2.127'00
34,"BANCOS VÃO QUEBRAR? Bradesco, Itaú, Santander, Itaúsa. INVESTIR OU NÃO? BBDC4, ITSA4, BBAS3, SANB11",2020-05-12,108.569'00,2.353'00
35,FUNDOS IMOBILIÁRIOS 2020: Ainda vale a pena INVESTIR? Dá para GANHAR DINHEIRO?,2020-06-30,107.844'00,2.749'00
37,FUNDOS IMOBILIÁRIOS de logística: BARATOS E ANTICRISE? vale a pena investir? HGLG11 e XPLG11,2020-07-23,107.201'00,1.103'00
36,"ITAUSA, VIA VAREJO ou Oi  - Onde investir na bolsa de valores?",2019-08-20,106.844'00,576'00
41,"IBOVESPA: Hora de  INVESTIR? Crise, Inflação, Ações, FIIS, Bancos, Ouro, Bitcoin, Dólar",2020-10-29,106.759'00,3.749'00
38,VIA VAREJO: Ainda vale a pena INVESTIR em 2020? Oportunidade para GANHAR DINHEIRO em 2021? VVAR3,2020-08-14,106.742'00,2.321'00
40,"Investindo em AÇÕES DE BANCOS para a MINHA CARTEIRA: Itaú, Bradesco, Santander e Banco do Brasil",2020-10-06,106.241'00,5.401'00
39,TAXAÇÃO DOS DIVIDENDOS 2020: Quais os Impactos nas AÇÕES e nos FUNDOS IMOBILIÁRIOS?,2020-07-05,106.234'00,3.425'00
42,"IPO 2020: Vale a pena INVESTIR? Ações da Petz, Havan, Pague Menos. É possível GANHAR DINHEIRO?",2020-09-01,104.950'00,2.211'00
43,"IBOVESPA: PAULO GUEDES fica? Crise na Economia? Ouro, Prata e outros Investimentos para 2020 e 2021",2020-08-16,103.361'00,4.805'00
44,VIA VAREJO 2020: Comprar ou Vender? Como GANHAR DINHEIRO com AÇÕES BARATAS na hora certa.,2020-06-02,102.996'00,2.201'00
45,"CARTEIRA DE INVESTIMENTOS: Ações, Fundos Imobiliários, Ouro, Dividendos, Ações americanas, Tesouro",2020-09-27,102.483'00,3.941'00
47,SMALL CAPS para 2021: Vale a pena investir na FLEURY e na SANTOS BRASIL? FLRY3 e STBP3,2020-10-13,102.164'00,1.441'00
46,INFLAÇÃO voltou? PREÇOS em alta? CRISE para o seu dinheiro? E os INVESTIMENTOS em 2020?,2020-08-30,101.477'00,3.111'00
