,Titulo,Postado,Visualizacao,comentarios
1,AUXÍLIO EMERGENCIAL: CALENDÁRIO DA SEGUNDA PARCELA  | NATH FINANÇAS,2020-06-11,96.871'00,455'00
2,COMO SE ORGANIZAR COM POUCO DINHEIRO? | NATH ENSINA,2020-02-02,94.374'00,196'00
3,4 MELHORES APLICATIVOS PARA CONTROLAR SUAS FINANÇAS | NATH FINANÇAS,2019-05-10,90.394'00,216'00
4,O QUE É O TESOURO DIRETO? COMO FUNCIONA? | NATH FINANÇAS,2019-02-28,69.135'00,139'00
5,CONTROLE SEU DINHEIRO COM UMA PLANILHA | NATH FINANÇAS,2019-02-09,66.126'00,182'00
6,O QUE É O PIX? SERÁ QUE É SEGURO?,2020-09-24,61.728'00,380'00
7,COMO NÃO PAGAR TARIFAS BANCÁRIAS NA CONTA CORRENTE (Em qualquer Banco) | NATH ENSINA,2020-03-11,59.854'00,399'00
8,GANHE DINHEIRO RESPONDENDO PESQUISAS  | FINANÇAS DE A a Z EP. 07,2019-07-26,57.926'00,140'00
9,"AUXÍLIO DE R$ 600 POR PESSOA, FOI APROVADO NO SENADO | RENDA BÁSICA EMERGENCIAL | NATH FINANÇAS",2020-03-30,50.637'00,494'00
10,"AUXÍLIO EMERGENCIAL: TENHO SEGURO DESEMPREGO, POSSO SOLICITAR O AUXÍLIO? | NATH FINANÇAS",2020-04-30,44.457'00,338'00
11,5 PASSOS PARA VOCÊ TER UMA RENDA EXTRA SEM SAIR DE CASA| Finanças com a Nath,2019-05-11,42.509'00,47'00
12,MELHOR BANCO DIGITAL 2019 | NATH FINANÇAS,2019-02-15,42.144'00,203'00
13,"SOU MÃE OU PAI SOLO, POSSO RECEBER O AUXÍLIO DE ATÉ R$ 1.200 POR FAMÍLIA? | NATH FINANÇAS",2020-04-06,40.958'00,367'00
14,TESOURO DIRETO X POUPANÇA. QUAL A DIFERENÇA?,2019-02-01,38.560'00,105'00
15,CARTÃO DE CRÉDITO: COMO USAR ? | FINANÇAS DE A a Z EP. 03,2019-07-17,35.917'00,136'00
16,5 DICAS DE COMO FAZER SUA RESERVA DE EMERGÊNCIA Feat. Finanças Femininas,2019-12-09,32.841'00,72'00
17,AUXÍLIO EMERGENCIAL: CALENDÁRIO DA TERCEIRA PARCELA | NATH FINANÇAS,2020-07-16,30.927'00,144'00
18,5 DICAS PARA COMPRAR MENOS | FINANÇAS DE A a Z EP. 12,2019-11-01,30.660'00,183'00
19,GOLPE DA CONTA CORRENTE - CUIDADO | Finanças com a Nath,2019-11-27,29.798'00,197'00
0,AUXÍLIO EMERGENCIAL: COMO SACAR O DINHEIRO NO APLICATIVO &quot;CAIXA TEM&quot;?  | NATH FINANÇAS,2020-04-24,270.454'00,967'00
20,AÇÕES: O QUE SÃO AÇÕES? |FINANÇAS DE A a Z EP. 01 feat. Matheus Brito,2019-07-12,25.493'00,50'00
21,MEDOS FINANCEIROS QUE VOCÊ TEM E NÃO ADMITE | FINANÇAS COM A NATH,2019-12-28,25.152'00,123'00
22,TESOURO DIRETO AINDA VALE A PENA? | NATH FINANÇAS,2020-08-28,23.956'00,188'00
23,TESOURO SELIC E IPCA: VALE A PENA INVESTIR NESSES TÍTULOS? | NATH FINANÇAS,2019-04-04,23.615'00,77'00
24,QUAL A MELHOR CORRETORA? | NATH FINANÇAS,2019-04-11,23.530'00,94'00
25,ERROS FINANCEIROS QUE JÁ COMETI | NATH FINANÇAS,2020-02-25,23.219'00,349'00
26,TESOURO PREFIXADOS: VALE A PENA INVESTIR NESSES TÍTULOS? | NATH FINANÇAS,2019-03-28,22.035'00,45'00
27,O COACH TEM QUE ACABAR #1 | NATH FINANÇAS,2020-08-24,21.955'00,408'00
28,AUXÍLIO EMERGENCIAL: COMO SACAR O DINHEIRO ANTES DA DATA?| NATH FINANÇAS,2020-07-13,21.616'00,149'00
29,QUANDO IREI RECEBER O DINHEIRO DO AUXÍLIO EMERGENCIAL NA MINHA CONTA? | NATH FINANÇAS,2020-04-18,21.498'00,216'00
30,Como Limpar Seu Nome Ganhando POUCO? 3 Dicas REAIS que FUNCIONAM,2019-02-21,20.671'00,75'00
31,TESOURO DIRETO TEM TAXAS? | NATH FINANÇAS,2019-03-14,20.457'00,39'00
32,TESOURO DIRETO: TAXA SELIC E IPCA O QUE SÃO? | NATH FINANÇAS,2019-03-21,18.430'00,32'00
33,TUDO SOBRE A NOTA DE 200 REAIS | NATH FINANÇAS,2020-08-03,17.758'00,140'00
34,QUANTO COBRAR POR UMA PUBLI NO INSTAGRAM? FEAT @Gabi Oliveira | NATH FINANÇAS,2020-07-09,17.235'00,171'00
35,COMO LIMPAR SEU NOME? | FINANÇAS DE A a Z EP. 11,2019-10-19,15.458'00,78'00
38,COMO USAR O CARTÃO DE CRÉDITO A SEU FAVOR? | NATH EXPLICA,2020-04-28,15.296'00,82'00
37,COMO LIMPAR SEU NOME E AUMENTAR O SCORE DO CPF?  | FINANÇAS DE A a Z EP. 13,2019-11-22,15.293'00,71'00
36,"SAQUE ANIVERSÁRIO X SAQUE R$ 998,00 VALE A PENA? Feat. Posso Processar?",2020-01-11,15.252'00,66'00
39,EU NÃO AGUENTO MAIS COACH CHARLATÃO #2 | NATH FINANÇAS,2020-08-31,13.910'00,282'00
41,COMO AUMENTAR A PONTUAÇÃO NO CPF? PASSO A PASSO | NATH EXPLICA,2020-03-31,13.652'00,71'00
46,COMO AUMENTAR A PONTUAÇÃO NO CPF? PASSO A PASSO | NATH EXPLICA,2020-03-31,13.652'00,71'00
40,"DÍVIDA CADUCA: APÓS 5 ANOS SEM PAGAR A DÍVIDA, ELA SAI DA SERASA? | #NATHRESPONDE",2020-02-27,13.594'00,60'00
45,"DÍVIDA CADUCA: APÓS 5 ANOS SEM PAGAR A DÍVIDA, ELA SAI DA SERASA? | #NATHRESPONDE",2020-02-27,13.594'00,60'00
43,ECONOMIZE GRANA COM APLICATIVOS  | FINANÇAS DE A a Z EP. 05,2019-07-22,13.557'00,45'00
48,ECONOMIZE GRANA COM APLICATIVOS  | FINANÇAS DE A a Z EP. 05,2019-07-22,13.557'00,45'00
42,COMO INVESTIR E RETIRAR SEU DINHEIRO PELO CELULAR NO TESOURO DIRETO? | Finanças com a Nath,2019-05-31,13.447'00,45'00
47,COMO INVESTIR E RETIRAR SEU DINHEIRO PELO CELULAR NO TESOURO DIRETO? | Finanças com a Nath,2019-05-31,13.447'00,45'00
44,DESABAFO: SAÚDE MENTAL NA VIDA FINANCEIRA | Finanças com a Nath,2019-09-28,13.224'00,211'00
49,DESABAFO: SAÚDE MENTAL NA VIDA FINANCEIRA | Finanças com a Nath,2019-09-28,13.224'00,211'00
