,Titulo,Postado,Visualizacao,comentarios
0,O trabalho não vai enriquecer você,2016-11-17,954.671'00,1.335'00
1,Orçamento inteligente,2016-09-01,658.161'00,403'00
2,A trajetória do 1º milhão da Nath Arcuri,2017-08-14,619.497'00,1.072'00
3,Os primeiros passos para abrir um negócio próprio,2017-12-14,429.117'00,482'00
4,4 atitudes minimalistas para prosperar,2019-10-31,401.843'00,444'00
5,É melhor investir em CDBs ou no Tesouro Selic? - #CerbasiResponde,2017-12-11,400.626'00,528'00
6,Quando vale a pena comprar um imóvel | Casa Inteligente | EP 01,2019-05-17,345.122'00,588'00
7,É possível enriquecer com um salário baixo? - #CerbasiResponde,2018-11-06,288.487'00,446'00
8,Vale a pena investir em bitcoins? - #CerbasiResponde,2017-05-22,255.409'00,651'00
9,É possível ter rendimento em renda fixa de 1% ao mês? - #CerbasiResponde,2018-01-22,248.612'00,254'00
10,Casa própria não é investimento,2017-07-13,237.581'00,710'00
11,Minimalismo: atitude que enriquece!,2019-05-02,231.725'00,487'00
12,Pagar INSS como autônomo? - #CerbasiResponde,2018-10-02,225.753'00,418'00
13,Quitar financiamento antes do prazo é bom negócio?,2017-12-04,215.230'00,190'00
14,Segredos do sucesso: com Nathalia Arcuri,2018-02-15,205.815'00,643'00
15,Financiar ou alugar?,2017-04-06,197.697'00,566'00
16,O 13º salário deveria ser extinto,2017-02-09,194.824'00,1.322'00
17,Tesouro Direto ou CDB? - #CerbasiResponde,2018-08-14,174.271'00,324'00
18,Vale a pena diversificar investimentos com pouco dinheiro aplicado? - #CerbasiResponde,2017-04-03,170.185'00,177'00
19,Vale a pena comprar um carro? - #CerbasiResponde,2017-08-07,169.851'00,342'00
20,Débito ou crédito? Qual cartão é melhor para o seu bolso? - #CerbasiResponde,2018-05-22,161.957'00,286'00
21,Riscos do Tesouro Direto: qual o máximo para investir? - #CerbasiResponde,2018-06-05,157.138'00,198'00
22,Quando o dinheiro não dá - #CerbasiResponde,2016-06-27,155.587'00,199'00
23,Tempo e dinheiro: como alcançar o equilíbrio? (com Christian Barbosa),2018-02-12,153.568'00,273'00
24,Poupança: o que você deve ter em mente para fazer a sua,2019-11-21,152.833'00,156'00
25,4 práticas para uma vida mais rica,2019-10-24,144.609'00,281'00
27,Como usar o cartão de crédito: bate-papo com Mirna Borges,2018-11-01,144.307'00,297'00
26,Tempo NÃO É dinheiro,2016-06-16,143.698'00,83'00
28,Como escolher as melhores estratégias de investimento,2018-09-13,143.454'00,171'00
29,Crédito ou débito: qual cartão é melhor para seu dinheiro?,2017-10-02,140.508'00,180'00
30,Como se planejar para ter um ano equilibrado e rentável,2016-12-26,138.086'00,130'00
31,O primeiro milhão é o mais difícil,2017-07-06,136.799'00,244'00
32,Como criar juros compostos em diferentes investimentos?,2018-03-26,136.136'00,188'00
33,Inteligência Financeira Ao Vivo,2018-03-29,135.970'00,112'00
34,O maior inimigo de suas finanças pode estar dentro de casa,2017-01-12,135.269'00,263'00
35,Como começar a investir o seu dinheiro - #CerbasiResponde,2017-09-11,135.197'00,115'00
36,Quanto da minha renda deve ir para gastos básicos - #CerbasiResponde,2017-04-24,134.652'00,126'00
37,Como planejar a Independência Financeira? - #CerbasiResponde,2018-07-17,128.686'00,188'00
38,O que torna uma Casa Inteligente? | Casa Inteligente | EP 02,2019-05-24,128.386'00,242'00
39,Consórcio de imóveis é boa opção? - #CerbasiResponde,2018-12-18,125.713'00,363'00
40,Casa Inteligente | Descubra um novo conceito de moradia,2019-05-13,124.714'00,192'00
41,Ganhando mais do que na Poupança,2016-10-06,123.870'00,136'00
42,Os dois tipos de pessoas pobres,2018-06-28,122.270'00,250'00
43,Enriqueça mais rápido: 5 dicas para prosperar,2019-03-14,112.824'00,130'00
44,"Vale a pena vender seu imóvel, investir o dinheiro e morar de aluguel? - #CerbasiResponde",2017-01-30,111.931'00,234'00
45,É possível ficar rico sem empreender? - #CerbasiResponde,2017-03-27,111.236'00,158'00
46,Tesouro Direto: você está perdendo dinheiro? - #CerbasiResponde,2018-08-28,109.885'00,235'00
48,Tesouro Direto: você está perdendo dinheiro? - #CerbasiResponde,2018-08-28,109.885'00,235'00
47,Como investir bem - Os 7 Mandamentos,2018-05-31,108.978'00,210'00
49,Como investir bem - Os 7 Mandamentos,2018-05-31,108.978'00,210'00
