,Titulo,Postado,Visualizacao,comentarios
1,MEU PRIMEIRO MILHÃO: Como fiquei milionária com 32 anos,2017-08-10,3.762.992'00,7.990'00
2,6 PASSOS PRÁTICOS PRA JUNTAR 10 MIL REAIS! O passo 6 é o mais difícil,2018-12-10,3.513.703'00,7.206'00
3,COMO SOBRAR DINHEIRO: 5 super dicas que funcionam,2018-03-26,3.214.928'00,3.823'00
4,TESOURO DIRETO: 5 PASSOS PRÁTICOS pra investir todo mês!,2018-04-12,3.197.330'00,6.768'00
0,Mulheres Que Mudam o Mundo: Zica Assis,2020-03-25,20.093.973'00,3.207'00
5,PRIMEIRO MILHÃO: 5 dicas para quem curte baixo risco e quer chegar lá!,2017-09-11,2.672.787'00,5.745'00
6,14 COISAS QUE VOCÊ NÃO PRECISA PAGAR NUNCA MAIS! A 8ª é inacreditável! (VAI SOBRAR DINHEIRO!),2019-12-05,2.459.845'00,6.816'00
7,COMO GANHAR (muito) DINHEIRO TRABALHANDO EM CASA? 6 dicas de afiliados digitais,2018-11-19,2.371.294'00,3.799'00
8,COMO ECONOMIZEI 200 MIL REAIS FAZENDO ISSO! MEUS 30 hábitos pra economizar e enriquecer!,2017-11-16,2.366.580'00,5.136'00
9,#FiqueEmCasa e Saia do Aperto #Comigo com Nathalia Arcuri e convidados,2020-04-05,2.331.888'00,465'00
10,MAKE DE RICA X MAKE DE POBRE com maquiagem de FARMÁCIA! Feat Duda Fernandes Semana da Beleza EP2,2018-05-09,2.259.892'00,31'00
11,TESOURO SELIC NA PRÁTICA: INVESTI 105 REAIS e já sei quanto vou ganhar acima da poupança,2019-04-15,2.137.742'00,3.552'00
12,5 MANEIRAS DE GANHAR MIL REAIS (ou mais) LIMPOS TODO MÊS!,2018-10-15,2.108.159'00,10.737'00
14,7 LADRÕES DE DINHEIRO que você precisa conhecer HOJE! O sétimo vai te CHOCAR…,2018-10-29,2.066.297'00,3.953'00
13,COMO LIMPAR SEU NOME E SAIR DAS DÍVIDAS (pra sempre): 4 PASSOS PODEROSOS!,2018-11-26,2.065.880'00,6.612'00
15,AS 4 ESTRATÉGIAS PRA SAIR DE UM SALÁRIO MÍNIMO PARA O PRIMEIRO MILHÃO! Eu já usei duas!,2019-02-18,2.064.187'00,3.836'00
16,CASA PRÓPRIA NÃO É INVESTIMENTO!  A mentira que você acreditou a vida toda...,2019-04-04,2.014.093'00,17.749'00
17,5 PRODUTOS DE LIMPEZA que ficam MAIS CAROS porque você não sabe usar! (É o fim do desperdício!),2019-08-29,1.921.113'00,8.259'00
18,"TUDO SOBRE RENDA FIXA! LCI, LCA, CDB e LC (ISSO NINGUÉM TE CONTA)",2018-03-27,1.835.792'00,3.835'00
19,TESOURO DIRETO: Descubra o seu perfil e PARE DE PERDER DINHEIRO!,2017-11-27,1.753.212'00,5.037'00
20,COMO INVESTIR PRA VIVER DE RENDA EM 2019? E o cálculo RIDÍCULO que ninguém faz!,2018-12-31,1.749.596'00,4.932'00
21,6 SINAIS DE QUE VOCÊ VAI SER RICA. O primeiro sinal é SINISTRO,2019-03-07,1.729.656'00,11.062'00
22,"TV, notebook e até telefone no GALPÃO de OPEN BOX! Como COMPRAR E ECONOMIZAR #NathNaRua 1",2018-04-05,1.695.340'00,2.427'00
23,GANHE DINHEIRO EM 2020! TOP 6 investimentos do ano! De Tesouro a Fundos Imobiliários,2020-01-09,1.623.898'00,2.173'00
24,SCORE: O QUE É E COMO AUMENTAR O SEU! | Vídeo pra vida,2017-08-21,1.582.486'00,4.029'00
25,REGRA PARA TER DINHEIRO! Viva um degrau abaixo! Como fazer isso?,2017-10-09,1.557.224'00,3.134'00
26,ERROS FINANCEIROS: 6 vacilos que cometi e você tem que evitar! Série investidores iniciantes #5,2018-03-30,1.549.375'00,3.240'00
27,BITCOINS PARA LEIGOS! É investimento?| Como comprar? (Feat CanalTech),2017-04-10,1.541.174'00,3.655'00
28,TOP 5 MELHORES INVESTIMENTOS PARA 2019! E a estratégia pra ganhar mais dinheiro com cada um!,2019-01-17,1.526.057'00,2.111'00
29,"COMO JUNTAR OS PRIMEIROS R$ 100 MIL REAIS? Como, quanto e onde investir!",2018-09-10,1.524.798'00,2.950'00
30,ESTREIA REALITY ME POUPE! R$70 MIL negativos e 4 Semanas pra sair do BURACO! (EP.01),2018-12-20,1.448.012'00,6.207'00
31,ENTREVISTA COM TATÁ WERNECK! Ela investe mais do que você imagina.,2017-12-26,1.430.416'00,1.202'00
32,COMO GANHAR MIL REAIS A MAIS TODO MÊS EM 2020!? 5 ideias práticas,2020-02-06,1.412.808'00,2.689'00
33,PAGOU BALADA PARA OS AMIGOS E SE FERROU! Conta estourada e 46 MIL em dívidas! (EP 03 PARTE 01),2019-10-15,1.397.972'00,2.352'00
34,6 COISAS QUE NÃO COMPRO MAIS E QUE ME AJUDAM A ECONOMIZAR! O 2º é polêmico!,2020-02-10,1.378.171'00,5.497'00
35,JUNTE DINHEIRO PARA MORAR SOZINHO! | 5 passos para sair de casa!,2017-05-09,1.360.727'00,3.026'00
36,Poupança ou Tesouro Selic? A conta que você precisava!,2016-08-22,1.356.438'00,1.056'00
37,DICAS PRA ECONOMIZAR NA HORA DE COMPRAR ROUPA | Primeiro episódio completo | DETOX DO GUARDA-ROUPA,2018-01-11,1.355.296'00,2.471'00
38,ALUGAR É MELHOR QUE FINANCIAR! Saiba porque!,2016-03-21,1.335.545'00,2.853'00
39,O que é  SELIC E CDI? Entenda isso HOJE e pare de PERDER DINHEIRO! | SÉRIE INVESTIDORES INICIANTES,2018-03-29,1.322.767'00,2.028'00
40,Como investir com salário de Estagiário? | 5 DICAS QUE EU USEI NA FACUL!,2017-01-12,1.275.130'00,1.756'00
41,COMO EU TIRO AS METAS DO PAPEL! Técnica simples pra juntar mais dinheiro do que nunca!,2018-01-04,1.214.618'00,3.545'00
42,5 PASSOS PRÁTICOS PRA COMPRAR SEU CARRO À VISTA (e com desconto)! Comprei 3 carros assim!,2019-06-17,1.183.746'00,2.763'00
43,TUDO (OU QUASE) QUE VOCÊ PRECISA SABER SOBRE FUNDOS IMOBILIÁRIOS! Virei dona de um Shopping!,2017-12-14,1.174.058'00,1.590'00
44,"TOP 4 INVESTIMENTOS MELHORES QUE A POUPANÇA! CDB, LCI, LCA E… Isso ninguém te conta",2018-03-19,1.166.127'00,2.295'00
45,"CASAL DESCONTROLADO, 2 MIL DE RENDA E 24 MIL EM DÍVIDAS! (Reality Me Poupe! EP 2 PARTE 1)",2019-10-08,1.157.131'00,1.855'00
46,MEUS 10 HÁBITOS PRA GANHAR MAIS DINHEIRO. Por que eu nunca REVELEI?,2019-03-18,1.143.601'00,2.841'00
48,MEUS 10 HÁBITOS PRA GANHAR MAIS DINHEIRO. Por que eu nunca REVELEI?,2019-03-18,1.143.601'00,2.841'00
47,ECONOMIA DA CABEÇA AOS PÉS! Dá pra juntar 5 MIL REAIS FAZENDO ISSO!,2018-10-08,1.138.618'00,3.982'00
49,ECONOMIA DA CABEÇA AOS PÉS! Dá pra juntar 5 MIL REAIS FAZENDO ISSO!,2018-10-08,1.138.618'00,3.982'00
