,Titulo,Postado,Visualizacao,comentarios
4,Dicas de economia doméstica,2016-05-02,687.371'00,333'00
5,9 COISAS para CORTAR do ORÇAMENTO e economizar!,2017-09-26,621.120'00,652'00
6,Financiamento de veículo: como funciona,2017-11-07,454.160'00,780'00
7,10 dicas para economizar no SUPERMERCADO,2017-05-30,431.357'00,549'00
8,4 COISAS que vão te deixar POBRE!,2019-08-21,430.459'00,623'00
9,Não cometa esses 10 erros com dinheiro!,2017-05-22,406.736'00,311'00
11,Cadastro Positivo com Celso Russomanno,2019-07-24,370.725'00,2.031'00
10,6 ATRASOS de VIDA – Livre-se deles hoje!,2018-10-02,370.127'00,367'00
12,Moda Econômica –10 PEÇAS 30 LOOKS!,2017-06-28,344.190'00,350'00
13,6 coisas que CORTEI do meu ORÇAMENTO (e não sinto falta!),2017-08-08,303.727'00,500'00
14,O que a sua IMAGEM DIZ sobre você?,2019-02-21,302.569'00,604'00
15,PLANILHA FINANCEIRA mais FÁCIL do mundo!,2018-12-25,289.462'00,352'00
16,ESTRATÉGIAS de COBRANÇA – conheça e não caia!,2019-03-15,281.497'00,1.386'00
17,7 HÁBITOS de SUCESSO para 2019!,2019-01-10,246.214'00,350'00
18,12 REGRAS para a VIDA – Jordan Peterson,2019-10-09,242.068'00,448'00
19,Tenha DINHEIRO o ANO TODO com estas 7 dicas!,2020-01-14,227.333'00,740'00
20,NÃO TENHA essas coisas no GUARDA-ROUPA!,2019-05-15,223.989'00,305'00
0,NÃO CONTE essas 6 coisas a NINGUÉM,2018-12-27,2.970.366'00,4.134'00
21,Cartão de crédito: pagar o MÍNIMO ou PARCELAR?,2018-09-04,195.242'00,501'00
22,10 dicas para economizar tempo e dinheiro,2017-09-19,187.350'00,245'00
23,NÃO FALE estas 6 EXPRESSÕES – Troque o negativo pelo positivo!,2019-02-05,169.854'00,357'00
24,Bullet Journal FINANCEIRO passo a passo,2017-06-20,163.600'00,310'00
25,5 dicas para manter a CASA ORGANIZADA,2018-04-04,158.683'00,147'00
26,Dicas para um guarda-roupa eficiente,2014-09-17,157.742'00,101'00
27,10 TRUQUES que te fazem GASTAR MAIS! (Fuja deles!),2017-08-29,157.734'00,325'00
29,7 LIÇÕES sobre DINHEIRO que você precisa saber,2019-02-12,154.805'00,323'00
28,CANVAS como fazer seu plano de negócio,2018-04-17,154.779'00,236'00
30,PARE de fazer essas 5 coisas!,2018-01-10,154.205'00,199'00
31,Como PARAR de GASTAR à toa?,2018-02-13,151.138'00,531'00
32,Organize as contas com a TÉCNICA dos ENVELOPES,2017-10-25,147.404'00,400'00
33,"ROUPA de QUALIDADE, como identificar? Feat. Chic sem Chilique",2019-06-19,141.500'00,645'00
34,Dicas de eletrodomésticos: no que vale a pena investir,2016-12-22,140.351'00,256'00
35,FOFOCA: 3 dicas para reagir quando falam mal de você,2017-06-06,139.893'00,336'00
37,Controle FINANCEIRO em 6 PASSOS!,2018-11-06,133.897'00,226'00
36,Economize GÁS com estas 6 DICAS!,2018-07-24,132.915'00,379'00
38,11 regras de SUCESSO de Bill Gates (Funcionam!),2017-12-26,125.765'00,172'00
39,PROFISSÕES DO FUTURO – Quais são elas?,2019-03-08,124.179'00,306'00
40,5 TRUQUES para ser bom com DINHEIRO,2018-12-13,121.442'00,224'00
41,&quot;Como parar de comprar o que não preciso?&quot;,2016-10-17,121.172'00,193'00
42,Aprenda a criar seu 14º salário!,2016-12-15,120.994'00,147'00
43,3 regras para saber se é CARO ou BARATO,2017-07-04,115.186'00,207'00
44,7 ERROS no TRABALHO – Não faça isso!,2019-01-22,114.017'00,300'00
45,Guarda-roupa inteligente – Como montar o seu!,2019-07-10,113.788'00,245'00
46,Meus PIORES ERROS com DINHEIRO,2018-12-18,112.755'00,259'00
47,Como sobreviver à CRISE FINANCEIRA – 5 dicas,2020-04-16,112.422'00,382'00
48,Economias burras que eu caí!,2020-01-21,108.340'00,576'00
49,Economias burras que eu caí!,2020-01-21,108.340'00,576'00
1,5 coisas que os ricos fazem (e que nós devemos copiar!),2017-10-03,1.619.185'00,1.405'00
2,EMPREGADA DOMÉSTICA: 10 dicas para quem NÃO tem,2017-06-13,1.040.166'00,883'00
3,NÃO PAGUE suas DÍVIDAS! Patricia Lages feat. Ben Zruel,2020-02-19,1.026.778'00,3.676'00
